danceability,energy,key,loudness,mode,speechiness,acousticness,instrumentalness,liveness,valence,tempo,type,id,uri,track_href,analysis_url,duration_ms,time_signature,song_title
,,,,,,,,,,,,,,,,,,AwesomeDrums.mp3'
0.639,0.738,11,-4.149,0,0.0308,0.123,0.865,0.149,0.761,120.074,audio_features,4oqqS7sizpHJAyNd5YM8MU,spotify:track:4oqqS7sizpHJAyNd5YM8MU,https://api.spotify.com/v1/tracks/4oqqS7sizpHJAyNd5YM8MU,https://api.spotify.com/v1/audio-analysis/4oqqS7sizpHJAyNd5YM8MU,229957,4,BTS - BOY with LUV karaoke (mp3cut.net).mp3'
0.367,0.26,4,-10.385,1,0.0366,0.983,0,0.143,0.341,81.728,audio_features,01MVjg6Tr6Ox8ZCsIMFZdT,spotify:track:01MVjg6Tr6Ox8ZCsIMFZdT,https://api.spotify.com/v1/tracks/01MVjg6Tr6Ox8ZCsIMFZdT,https://api.spotify.com/v1/audio-analysis/01MVjg6Tr6Ox8ZCsIMFZdT,84893,3,Best Waheguru Simran (soft) Soothing shabad - Relax your mind and bodyGurbaniKirtanNonstop (mp3cut.net).mp3'
0.68,0.758,1,-9.472,1,0.297,0.4,0,0.0734,0.895,170.2,audio_features,3W7pPcIy8RHXZicize1Bun,spotify:track:3W7pPcIy8RHXZicize1Bun,https://api.spotify.com/v1/tracks/3W7pPcIy8RHXZicize1Bun,https://api.spotify.com/v1/audio-analysis/3W7pPcIy8RHXZicize1Bun,290733,4,Bhangra Paa Le (Title Track) karaoke (mp3cut.net).mp3'
0.803,0.945,0,-3.962,0,0.239,0.65,2.44E-06,0.637,0.659,101.189,audio_features,6RYrYN80YfNvZqPzxsEW0K,spotify:track:6RYrYN80YfNvZqPzxsEW0K,https://api.spotify.com/v1/tracks/6RYrYN80YfNvZqPzxsEW0K,https://api.spotify.com/v1/audio-analysis/6RYrYN80YfNvZqPzxsEW0K,320552,3,Bhel Poori Balegunnadi Karaoke Aagadu Telugu Karaoke World-[AudioTrimmer.com].mp3'
0.571,0.56,2,-7.943,1,0.0464,0.0596,1.84E-06,0.104,0.194,149.89,audio_features,3QAfBfq4rWcd7m3kazSwpu,spotify:track:3QAfBfq4rWcd7m3kazSwpu,https://api.spotify.com/v1/tracks/3QAfBfq4rWcd7m3kazSwpu,https://api.spotify.com/v1/audio-analysis/3QAfBfq4rWcd7m3kazSwpu,338077,4,Bho Shambho Shiva - Lakshmy Ratheesh Karaoke Track By Gaurav.mp3'
0.771,0.917,8,-7.103,1,0.0979,0.772,0.0447,0.204,0.696,82.002,audio_features,37S2kL71k5LOmGxzJ7JLzE,spotify:track:37S2kL71k5LOmGxzJ7JLzE,https://api.spotify.com/v1/tracks/37S2kL71k5LOmGxzJ7JLzE,https://api.spotify.com/v1/audio-analysis/37S2kL71k5LOmGxzJ7JLzE,304988,4,"Blockbuster - Karaoke Sarrainodu Allu Arjun, Rakul Preet Singh SS Thaman Ramajogayya Sas (mp3cut.net).mp3'"
0.818,0.768,5,-7.057,1,0.231,0.135,0,0.68,0.445,120.972,audio_features,5Dq7d6Y2K2CRNFm1bC3I7A,spotify:track:5Dq7d6Y2K2CRNFm1bC3I7A,https://api.spotify.com/v1/tracks/5Dq7d6Y2K2CRNFm1bC3I7A,https://api.spotify.com/v1/audio-analysis/5Dq7d6Y2K2CRNFm1bC3I7A,335833,4,Bum Bum Bole - Karaoke - Taare Zameen Par (2007) - Shaan Aamir Khan (mp3cut.net).mp3'
0.645,0.517,9,-6.708,0,0.0273,0.522,3.27E-06,0.0905,0.259,106.906,audio_features,6UgcN95w7vQxkR8sEFmwHG,spotify:track:6UgcN95w7vQxkR8sEFmwHG,https://api.spotify.com/v1/tracks/6UgcN95w7vQxkR8sEFmwHG,https://api.spotify.com/v1/audio-analysis/6UgcN95w7vQxkR8sEFmwHG,304900,4,Chahun Main Ya Na Karaoke With Lyrics (mp3cut.net).mp3'
0.593,0.392,0,-10.405,1,0.0296,0.506,0.000152,0.196,0.448,76.984,audio_features,25c99i0TkF9pcZKQqSRHVK,spotify:track:25c99i0TkF9pcZKQqSRHVK,https://api.spotify.com/v1/tracks/25c99i0TkF9pcZKQqSRHVK,https://api.spotify.com/v1/audio-analysis/25c99i0TkF9pcZKQqSRHVK,240800,4,Change On The Rise (Karaoke Version) in Style of Avi Kaplan (mp3cut.net).mp3'
0.597,0.657,3,-5.713,1,0.0306,0.618,0.000301,0.141,0.636,129.628,audio_features,4s1TvnGvotbNk9Hptxux9G,spotify:track:4s1TvnGvotbNk9Hptxux9G,https://api.spotify.com/v1/tracks/4s1TvnGvotbNk9Hptxux9G,https://api.spotify.com/v1/audio-analysis/4s1TvnGvotbNk9Hptxux9G,272533,4,Chookar Mere Mann Ko - Kishore Kumar Hindi Full Karaoke with Lyrics (mp3cut.net).mp3'
0.543,0.633,2,-11.693,1,0.05,0.477,2.14E-05,0.16,0.613,151.609,audio_features,15qBdyeOsal1QJvB3ysW9g,spotify:track:15qBdyeOsal1QJvB3ysW9g,https://api.spotify.com/v1/tracks/15qBdyeOsal1QJvB3ysW9g,https://api.spotify.com/v1/audio-analysis/15qBdyeOsal1QJvB3ysW9g,287000,4,City Of New Orleans Willie Nelson Karaoke with Lyrics (mp3cut.net).mp3'
0.449,0.585,5,-6.762,1,0.0268,0.0522,8.49E-05,0.0833,0.203,139.627,audio_features,6nek1Nin9q48AVZcWs9e9D,spotify:track:6nek1Nin9q48AVZcWs9e9D,https://api.spotify.com/v1/tracks/6nek1Nin9q48AVZcWs9e9D,https://api.spotify.com/v1/audio-analysis/6nek1Nin9q48AVZcWs9e9D,278719,4,Coldplay - Paradise (Karaoke Version) (mp3cut.net).mp3'
0.472,0.715,5,-7.378,1,0.034,0.267,0.000124,0.224,0.479,122.042,audio_features,3GFKQUCU1an23jqs9rpNxk,spotify:track:3GFKQUCU1an23jqs9rpNxk,https://api.spotify.com/v1/tracks/3GFKQUCU1an23jqs9rpNxk,https://api.spotify.com/v1/audio-analysis/3GFKQUCU1an23jqs9rpNxk,159344,4,Disney Lion King - Lion Sleeps Tonight (Karaoke Instrumental) (mp3cut.net).mp3'
0.463,0.684,5,-7.657,0,0.0994,0.401,0.00316,0.692,0.559,118.446,audio_features,4AC0ls5z8BsNlp9y6DZiR1,spotify:track:4AC0ls5z8BsNlp9y6DZiR1,https://api.spotify.com/v1/tracks/4AC0ls5z8BsNlp9y6DZiR1,https://api.spotify.com/v1/audio-analysis/4AC0ls5z8BsNlp9y6DZiR1,426789,4,Dr K J Yesudas -- Nagumo (mp3cut.net).mp3'
,,,,,,,,,,,,,,,,,,ETV News.mp3'
0.423,0.903,1,-7.596,1,0.149,0.612,1.43E-05,0.923,0.774,130.675,audio_features,3yRoV3XxY866zW6PZuwzXy,spotify:track:3yRoV3XxY866zW6PZuwzXy,https://api.spotify.com/v1/tracks/3yRoV3XxY866zW6PZuwzXy,https://api.spotify.com/v1/audio-analysis/3yRoV3XxY866zW6PZuwzXy,457280,4,Ek Do Teen - Alka Yagnik Hindi Full Karaoke with Lyrics (mp3cut.net).mp3'
0.643,0.93,8,-1.734,0,0.0441,0.523,0.00177,0.123,0.774,160.009,audio_features,2f7gb7VhECUbv01gavIV5F,spotify:track:2f7gb7VhECUbv01gavIV5F,https://api.spotify.com/v1/tracks/2f7gb7VhECUbv01gavIV5F,https://api.spotify.com/v1/audio-analysis/2f7gb7VhECUbv01gavIV5F,327677,3,Ekadantaya Vakratundaya Song By Shankar Mahadevan- YouTube (mp3cut.net).mp3'
0.479,0.944,9,-5.167,1,0.115,0.00206,0.0283,0.356,0.572,153.45,audio_features,5LI7PoHEolR8plrf3I16sq,spotify:track:5LI7PoHEolR8plrf3I16sq,https://api.spotify.com/v1/tracks/5LI7PoHEolR8plrf3I16sq,https://api.spotify.com/v1/audio-analysis/5LI7PoHEolR8plrf3I16sq,163800,4,Fire by Jimi Hendrix.mp3'
0.733,0.71,5,-5.849,0,0.0292,0.145,0.115,0.0956,0.965,127.975,audio_features,7w87IxuO7BDcJ3YUqCyMTT,spotify:track:7w87IxuO7BDcJ3YUqCyMTT,https://api.spotify.com/v1/tracks/7w87IxuO7BDcJ3YUqCyMTT,https://api.spotify.com/v1/audio-analysis/7w87IxuO7BDcJ3YUqCyMTT,239600,4,Foster The People - Pumped up Kicks (Official Music Video) (mp3cut.net).mp3'
0.928,0.902,9,-7.374,0,0.0459,0.0514,1.16E-05,0.104,0.988,128.08,audio_features,6BqdNDLZ3Pdcly46pu6nwj,spotify:track:6BqdNDLZ3Pdcly46pu6nwj,https://api.spotify.com/v1/tracks/6BqdNDLZ3Pdcly46pu6nwj,https://api.spotify.com/v1/audio-analysis/6BqdNDLZ3Pdcly46pu6nwj,190200,4,GUMMY BEAR ( karaoke ) (mp3cut.net).mp3'
0.695,0.727,6,-6.274,0,0.0323,0.0744,0.000175,0.533,0.864,118.034,audio_features,0WdbnNKO0Jt4BZACSDQh44,spotify:track:0WdbnNKO0Jt4BZACSDQh44,https://api.spotify.com/v1/tracks/0WdbnNKO0Jt4BZACSDQh44,https://api.spotify.com/v1/audio-analysis/0WdbnNKO0Jt4BZACSDQh44,302935,4,"Ghungroo (Karaoke) - War Hritik Roshan, Vaani Kapoor Arijit Singh (mp3cut.net).mp3'"
,,,,,,,,,,,,,,,,,,Gregorian Chant - Hymn to St Michael ( Mode 2 ) (mp3cut.net).mp3'
0.647,0.822,5,-4.662,0,0.183,0.219,0,0.0908,0.962,160.019,audio_features,60nZcImufyMA1MKQY3dcCH,spotify:track:60nZcImufyMA1MKQY3dcCH,https://api.spotify.com/v1/tracks/60nZcImufyMA1MKQY3dcCH,https://api.spotify.com/v1/audio-analysis/60nZcImufyMA1MKQY3dcCH,232720,4,Happy - Pharrell Williams (OFFICIAL INSTRUMENTAL) (mp3cut.net).mp3'
0.632,0.807,0,-5.893,1,0.126,0.144,0.0211,0.125,0.784,160.174,audio_features,3NeiYiBn3rQBgurfVk92Zm,spotify:track:3NeiYiBn3rQBgurfVk92Zm,https://api.spotify.com/v1/tracks/3NeiYiBn3rQBgurfVk92Zm,https://api.spotify.com/v1/audio-analysis/3NeiYiBn3rQBgurfVk92Zm,197933,4,Humility - Gorillaz CoverMeKaraoke (mp3cut.net).mp3'
0.845,0.762,11,-6.655,0,0.0692,0.315,0.000208,0.165,0.623,117.987,audio_features,4AuRsGcSsNqslLywUCWhAG,spotify:track:4AuRsGcSsNqslLywUCWhAG,https://api.spotify.com/v1/tracks/4AuRsGcSsNqslLywUCWhAG,https://api.spotify.com/v1/audio-analysis/4AuRsGcSsNqslLywUCWhAG,266760,4,Idedo Bagunde Cheli Telugu Karaoke Song With Telugu Lyrics II MIRCHI (mp3cut.net).mp3'
0.667,0.768,1,-7.133,1,0.105,0.484,0,0.662,0.741,134.949,audio_features,3sls5U5570lGpLiEKTpMGl,spotify:track:3sls5U5570lGpLiEKTpMGl,https://api.spotify.com/v1/tracks/3sls5U5570lGpLiEKTpMGl,https://api.spotify.com/v1/audio-analysis/3sls5U5570lGpLiEKTpMGl,271159,3,Jai Ganesh Jai Ganesh Deva - जय गणेश जय गणेश दे वा - Ganeshji Ki Aarti (mp3cut.net).mp3'
0.76,0.781,11,-2.881,0,0.0641,0.233,0,0.106,0.736,95.97,audio_features,4ER58qECydWokIsgqtysWu,spotify:track:4ER58qECydWokIsgqtysWu,https://api.spotify.com/v1/tracks/4ER58qECydWokIsgqtysWu,https://api.spotify.com/v1/audio-analysis/4ER58qECydWokIsgqtysWu,222399,4,Just Right - GOT7 (KaraokeInstrumental) (mp3cut.net).mp3'
0.758,0.909,0,-4.526,1,0.0461,0.0101,0.0125,0.589,0.717,125.964,audio_features,69veWXCYvuNRwZOWw5hi3s,spotify:track:69veWXCYvuNRwZOWw5hi3s,https://api.spotify.com/v1/tracks/69veWXCYvuNRwZOWw5hi3s,https://api.spotify.com/v1/audio-analysis/69veWXCYvuNRwZOWw5hi3s,220647,4,KUDI TU BUTTER - BAJATEY RAHO - HQ SONG 2013 (mp3cut.net).mp3'
0.801,0.856,0,-4.233,1,0.065,0.0984,6.62E-05,0.228,0.919,106.026,audio_features,5CSEaABQkS1hoLza0IpK2r,spotify:track:5CSEaABQkS1hoLza0IpK2r,https://api.spotify.com/v1/tracks/5CSEaABQkS1hoLza0IpK2r,https://api.spotify.com/v1/audio-analysis/5CSEaABQkS1hoLza0IpK2r,187006,4,Kala Chashama Karaoke sam Karaoke (mp3cut.net).mp3'
0.92,0.525,7,-7.222,1,0.0876,0.332,0,0.596,0.977,128.176,audio_features,76NcRIgWp5HFAyhaCgGc6Y,spotify:track:76NcRIgWp5HFAyhaCgGc6Y,https://api.spotify.com/v1/tracks/76NcRIgWp5HFAyhaCgGc6Y,https://api.spotify.com/v1/audio-analysis/76NcRIgWp5HFAyhaCgGc6Y,103982,4,Karaoke - Karaoke - If you are happy (mp3cut.net).mp3'
0.879,0.715,4,-7.371,0,0.0532,0.00678,0.00324,0.253,0.646,100.005,audio_features,3Ves1o2dm7TuJoQuIRNyae,spotify:track:3Ves1o2dm7TuJoQuIRNyae,https://api.spotify.com/v1/tracks/3Ves1o2dm7TuJoQuIRNyae,https://api.spotify.com/v1/audio-analysis/3Ves1o2dm7TuJoQuIRNyae,291319,4,Karaoke - Karaoke - Johnny Johnny (mp3cut.net).mp3'
0.558,0.314,2,-10.623,1,0.0295,0.709,0.000319,0.193,0.267,125.59,audio_features,1nCSr7oGeUv7sUEoYuAJFF,spotify:track:1nCSr7oGeUv7sUEoYuAJFF,https://api.spotify.com/v1/tracks/1nCSr7oGeUv7sUEoYuAJFF,https://api.spotify.com/v1/audio-analysis/1nCSr7oGeUv7sUEoYuAJFF,271280,4,Karaoke Remember When - Alan Jackson (mp3cut.net).mp3'
0.504,0.578,4,-9.302,1,0.031,0.408,0,0.321,0.654,132.411,audio_features,4uGIJG1jYFonGc4LGp5uQL,spotify:track:4uGIJG1jYFonGc4LGp5uQL,https://api.spotify.com/v1/tracks/4uGIJG1jYFonGc4LGp5uQL,https://api.spotify.com/v1/audio-analysis/4uGIJG1jYFonGc4LGp5uQL,174840,4,Karaoke Somebody to Love - Jefferson Airplane (mp3cut.net).mp3'
0.763,0.944,2,-3.508,1,0.184,0.0777,0.000526,0.297,0.497,112.018,audio_features,7q9RTBNHe7SzIB7AV0iLpg,spotify:track:7q9RTBNHe7SzIB7AV0iLpg,https://api.spotify.com/v1/tracks/7q9RTBNHe7SzIB7AV0iLpg,https://api.spotify.com/v1/audio-analysis/7q9RTBNHe7SzIB7AV0iLpg,195888,4,Khudkhushi latest New song video WhatsApp status priyank Sharma status wala baba.mp3'
0.487,0.7,1,-4.463,1,0.0589,0.901,0.00555,0.0411,0.738,83.197,audio_features,6BXas8KU7MReyVn00fuhAi,spotify:track:6BXas8KU7MReyVn00fuhAi,https://api.spotify.com/v1/tracks/6BXas8KU7MReyVn00fuhAi,https://api.spotify.com/v1/audio-analysis/6BXas8KU7MReyVn00fuhAi,263001,3,Kinnerasani Vachindamma Video Song - Sitara Movie Suman Bhanupriya Vamsy Ilaiyaraaja (mp3cut.net).mp3'
,,,,,,,,,,,,,,,,,,Kiss me close your eyes (mp3cut.net).mp3'
0.557,0.228,1,-17.645,1,0.0282,0.48,1.23E-06,0.171,0.139,92.024,audio_features,2ZxAT8hiOQUP2ydQcSSrY9,spotify:track:2ZxAT8hiOQUP2ydQcSSrY9,https://api.spotify.com/v1/tracks/2ZxAT8hiOQUP2ydQcSSrY9,https://api.spotify.com/v1/audio-analysis/2ZxAT8hiOQUP2ydQcSSrY9,209267,4,Laali Laali Video Song Swathi Mutyam (mp3cut.net).mp3'
,,,,,,,,,,,,,,,,,,Labad Landga Dhong लबाड लांडग ढEग करतंय  Makdacha Davakhana  JingleToons Famous Marathi Songs (1) (mp3cut.net).mp3'
0.705,0.669,9,-5.974,1,0.0262,0.163,3.41E-06,0.0966,0.673,118.539,audio_features,26iYJEimPCE0ozDlpj0UFN,spotify:track:26iYJEimPCE0ozDlpj0UFN,https://api.spotify.com/v1/tracks/26iYJEimPCE0ozDlpj0UFN,https://api.spotify.com/v1/audio-analysis/26iYJEimPCE0ozDlpj0UFN,228733,4,Livin_ on Love (Originally Performed by Alan Jackson) (Instrumental Version) (mp3cut.net).mp3'
0.571,0.368,10,-13.783,0,0.0341,0.923,5.46E-06,0.15,0.356,113.254,audio_features,1fsnmylb0OiSgDD5yTQvsS,spotify:track:1fsnmylb0OiSgDD5yTQvsS,https://api.spotify.com/v1/tracks/1fsnmylb0OiSgDD5yTQvsS,https://api.spotify.com/v1/audio-analysis/1fsnmylb0OiSgDD5yTQvsS,371733,4,MERI SANSON KO JO MEHAKA RAHI HAI Karaoke With Lyrics (mp3cut.net).mp3'
0.483,0.785,10,-6.656,1,0.254,0.525,2.64E-05,0.111,0.555,130.017,audio_features,4kBlS162jP01b4uFMbGx3A,spotify:track:4kBlS162jP01b4uFMbGx3A,https://api.spotify.com/v1/tracks/4kBlS162jP01b4uFMbGx3A,https://api.spotify.com/v1/audio-analysis/4kBlS162jP01b4uFMbGx3A,258786,4,Maay bhavani karaoke tanaji मय भवन करओक तनज (mp3cut.net).mp3'
0.72,0.816,3,-12.099,0,0.039,0.000266,0.000213,0.0989,0.788,131.193,audio_features,75HJYgb0KguhgWBjpx5iWH,spotify:track:75HJYgb0KguhgWBjpx5iWH,https://api.spotify.com/v1/tracks/75HJYgb0KguhgWBjpx5iWH,https://api.spotify.com/v1/audio-analysis/75HJYgb0KguhgWBjpx5iWH,372613,4,Main Khiladi Tu Anari (Instrumental) (mp3cut.net).mp3'
0.748,0.788,1,-7.055,1,0.0334,0.0591,0,0.0863,0.884,120.076,audio_features,2iuZJX9X9P0GKaE93xcPjk,spotify:track:2iuZJX9X9P0GKaE93xcPjk,https://api.spotify.com/v1/tracks/2iuZJX9X9P0GKaE93xcPjk,https://api.spotify.com/v1/audio-analysis/2iuZJX9X9P0GKaE93xcPjk,235493,4,Maroon 5 - Sugar (Karaoke Version) (mp3cut.net).mp3'
0.64,0.568,7,-10.6,1,0.524,0.29,0,0.107,0.702,95.492,audio_features,1Qa9FSirMhxlMxN1nbCkTB,spotify:track:1Qa9FSirMhxlMxN1nbCkTB,https://api.spotify.com/v1/tracks/1Qa9FSirMhxlMxN1nbCkTB,https://api.spotify.com/v1/audio-analysis/1Qa9FSirMhxlMxN1nbCkTB,59667,4,Mickey Mouse Clubhouse Theme Song (Karaoke) (mp3cut.net).mp3'
0.245,0.0473,0,-23.563,1,0.0494,0.963,0.0789,0.0798,0.128,69.457,audio_features,3YPgZvBPN3d4yxtijMhBMN,spotify:track:3YPgZvBPN3d4yxtijMhBMN,https://api.spotify.com/v1/tracks/3YPgZvBPN3d4yxtijMhBMN,https://api.spotify.com/v1/audio-analysis/3YPgZvBPN3d4yxtijMhBMN,344640,4,Mozart - Eine Kleine Nachtmusik K 525 Allegro (mp3cut.net).mp3'
0.811,0.258,9,-19.213,0,0.048,0.108,2.58E-05,0.161,0.822,95.042,audio_features,7BsjYJJuwvOpL4yNGNdHoi,spotify:track:7BsjYJJuwvOpL4yNGNdHoi,https://api.spotify.com/v1/tracks/7BsjYJJuwvOpL4yNGNdHoi,https://api.spotify.com/v1/audio-analysis/7BsjYJJuwvOpL4yNGNdHoi,362240,4,Mustafa Mustafa  Abbas Vineeth  Tabu  Duniya Dilwalon Ki  Bollywood Hindi Song (mp3cut.net).mp3'
0.807,0.729,8,-4.397,0,0.0626,0.00912,0.242,0.0777,0.494,114.001,audio_features,4PLoj9LS49clQ8LHupnIfP,spotify:track:4PLoj9LS49clQ8LHupnIfP,https://api.spotify.com/v1/tracks/4PLoj9LS49clQ8LHupnIfP,https://api.spotify.com/v1/audio-analysis/4PLoj9LS49clQ8LHupnIfP,206355,4,NARI NARI SONG PROMO.mp3'
0.792,0.463,5,-8,1,0.0457,0.807,0.0265,0.0994,0.647,89.927,audio_features,1HrJe7B9IHFuwzSLqD12v9,spotify:track:1HrJe7B9IHFuwzSLqD12v9,https://api.spotify.com/v1/tracks/1HrJe7B9IHFuwzSLqD12v9,https://api.spotify.com/v1/audio-analysis/1HrJe7B9IHFuwzSLqD12v9,323004,4,Narayanathe Namo Namo (mp3cut.net).mp3'
0.607,0.333,0,-13.891,1,0.0542,0.972,0.0905,0.163,0.958,113.991,audio_features,2l59AQoymbMZOsJQcW1pH8,spotify:track:2l59AQoymbMZOsJQcW1pH8,https://api.spotify.com/v1/tracks/2l59AQoymbMZOsJQcW1pH8,https://api.spotify.com/v1/audio-analysis/2l59AQoymbMZOsJQcW1pH8,226907,4,O Chand Jahan Woh Jaye - Karaoke - Sharada - Lata Mangeshkar & Asha Bhosle (mp3cut.net).mp3'
0.715,0.935,8,-5.656,0,0.0383,0.559,0.00344,0.138,0.904,127.994,audio_features,5HYvakONkidU3GO0vI8ot3,spotify:track:5HYvakONkidU3GO0vI8ot3,https://api.spotify.com/v1/tracks/5HYvakONkidU3GO0vI8ot3,https://api.spotify.com/v1/audio-analysis/5HYvakONkidU3GO0vI8ot3,263440,4,"PRIVATE PARTY Full Video Song Sarrainodu Allu Arjun, Rakul Preet Telugu Songs 2016 (mp3cut.net).mp3'"
0.688,0.509,2,-8.517,1,0.0495,0.334,0,0.3,0.447,89.995,audio_features,4tXg2q6DtS1svfbdowmXql,spotify:track:4tXg2q6DtS1svfbdowmXql,https://api.spotify.com/v1/tracks/4tXg2q6DtS1svfbdowmXql,https://api.spotify.com/v1/audio-analysis/4tXg2q6DtS1svfbdowmXql,263027,4,Pedave Palikina Karaoke Naani Telugu Karaoke World (mp3cut.net).mp3'
0.758,0.849,7,-4.35,1,0.0691,0.0463,4.17E-05,0.0677,0.788,167.986,audio_features,6fIXCFbVmRUJgocLmDUVkU,spotify:track:6fIXCFbVmRUJgocLmDUVkU,https://api.spotify.com/v1/tracks/6fIXCFbVmRUJgocLmDUVkU,https://api.spotify.com/v1/audio-analysis/6fIXCFbVmRUJgocLmDUVkU,236032,4,"Peg Sheg Karaoke with Lyrics Bhangra Paa Le Jonita Gandhi, Akasa, Shashwat Singh, A Bazz 2 (mp3cut.net).mp3'"
0.803,0.528,11,-7.529,1,0.0431,0.101,2.56E-06,0.0748,0.659,122.026,audio_features,4hxemf0pE0mSzubgsfRLWu,spotify:track:4hxemf0pE0mSzubgsfRLWu,https://api.spotify.com/v1/tracks/4hxemf0pE0mSzubgsfRLWu,https://api.spotify.com/v1/audio-analysis/4hxemf0pE0mSzubgsfRLWu,212693,4,Pentatonix - Rather Be (NO LEAD VOCAL) (mp3cut.net).mp3'
,,,,,,,,,,,,,,,,,,Pepsodent Germicheck Best Ever Flavour - Telugu.mp3'
0.527,0.525,1,-8.106,1,0.0337,0.876,1.41E-05,0.172,0.257,99.638,audio_features,35P2Xal9x3GAdOHytyEUFe,spotify:track:35P2Xal9x3GAdOHytyEUFe,https://api.spotify.com/v1/tracks/35P2Xal9x3GAdOHytyEUFe,https://api.spotify.com/v1/audio-analysis/35P2Xal9x3GAdOHytyEUFe,351588,4,Phir Bhi Tumko Chahunga Karaoke With Lyrics Arijit Singh Half Girlfriend (mp3cut.net).mp3'
0.439,0.442,3,-9.258,1,0.0334,0.517,0.0177,0.0666,0.14,143.47,audio_features,2AryrdMJOuQXnSWwd5JFMn,spotify:track:2AryrdMJOuQXnSWwd5JFMn,https://api.spotify.com/v1/tracks/2AryrdMJOuQXnSWwd5JFMn,https://api.spotify.com/v1/audio-analysis/2AryrdMJOuQXnSWwd5JFMn,352158,4,Queen Bohemian Rhapsody Karaoke Version (mp3cut.net).mp3'
0.401,0.15,9,-19.579,1,0.127,0.79,0.831,0.102,0.0595,120.046,audio_features,78JKZBrhEp07HQhXXzgxV3,spotify:track:78JKZBrhEp07HQhXXzgxV3,https://api.spotify.com/v1/tracks/78JKZBrhEp07HQhXXzgxV3,https://api.spotify.com/v1/audio-analysis/78JKZBrhEp07HQhXXzgxV3,3604036,4,Reiki Music (With Bell Every 3 Minutes) (mp3cut.net).mp3'
0.513,0.742,11,-9.035,0,0.378,0.228,0,0.328,0.424,141.565,audio_features,2MLCje6lhKdvsRvL1LU6fJ,spotify:track:2MLCje6lhKdvsRvL1LU6fJ,https://api.spotify.com/v1/tracks/2MLCje6lhKdvsRvL1LU6fJ,https://api.spotify.com/v1/audio-analysis/2MLCje6lhKdvsRvL1LU6fJ,227947,4,Rio 2011 Song all the birds are feather (mp3cut.net).mp3'
0.675,0.582,9,-8.891,1,0.0277,0.661,5.56E-06,0.0854,0.538,120.991,audio_features,3vqJY3pVELLIxqXXyI08yr,spotify:track:3vqJY3pVELLIxqXXyI08yr,https://api.spotify.com/v1/tracks/3vqJY3pVELLIxqXXyI08yr,https://api.spotify.com/v1/audio-analysis/3vqJY3pVELLIxqXXyI08yr,282973,4,Roobaroo Rang De Basanti Holi Special Karaoke by Yogi (mp3cut.net).mp3'
0.706,0.674,9,-5.932,1,0.044,0.3,0,0.202,0.359,83.001,audio_features,3sqRODOZ1Z6hR4F2tnFAlg,spotify:track:3sqRODOZ1Z6hR4F2tnFAlg,https://api.spotify.com/v1/tracks/3sqRODOZ1Z6hR4F2tnFAlg,https://api.spotify.com/v1/audio-analysis/3sqRODOZ1Z6hR4F2tnFAlg,179326,4,SAKHIYAAN (Karaoke) Maninder Buttar (mp3cut.net).mp3'
0.796,0.978,5,-1.266,0,0.0955,0.289,0.00254,0.346,0.8,129.999,audio_features,63MvWd6T6yoS7h4AJ4Hjrm,spotify:track:63MvWd6T6yoS7h4AJ4Hjrm,https://api.spotify.com/v1/tracks/63MvWd6T6yoS7h4AJ4Hjrm,https://api.spotify.com/v1/audio-analysis/63MvWd6T6yoS7h4AJ4Hjrm,212741,4,SIMMBA - Aankh Marey - KARAOKE With Lyrics Neha Kakkar Kumar Sanu Mika Singh (mp3cut.net).mp3'
0.64,0.458,6,-6.19,0,0.0295,0.698,0.0216,0.285,0.672,89.007,audio_features,7wv5Pk6nLpZ6Lk10Q0qg94,spotify:track:7wv5Pk6nLpZ6Lk10Q0qg94,https://api.spotify.com/v1/tracks/7wv5Pk6nLpZ6Lk10Q0qg94,https://api.spotify.com/v1/audio-analysis/7wv5Pk6nLpZ6Lk10Q0qg94,440789,4,SUN RAHA HAI NA tu AASHIQUI 2 KARAOKE free by Narinder Kumar (mp3cut.net).mp3'
0.728,0.407,8,-9.683,1,0.0421,0.853,0.000112,0.0739,0.412,107.94,audio_features,7rija7VgKSXznBBy3b3TgD,spotify:track:7rija7VgKSXznBBy3b3TgD,https://api.spotify.com/v1/tracks/7rija7VgKSXznBBy3b3TgD,https://api.spotify.com/v1/audio-analysis/7rija7VgKSXznBBy3b3TgD,221670,1,SVSC Full Songs HD - Seethamma Vakitlo Sirimalle Chettu Title Song - Mahesh Babu Venkatesh (mp3cut.net).mp3'
0.471,0.586,6,-4.645,0,0.0315,0.866,0,0.411,0.666,146.981,audio_features,0K4KfBC60OUjJXVCefAsB6,spotify:track:0K4KfBC60OUjJXVCefAsB6,https://api.spotify.com/v1/tracks/0K4KfBC60OUjJXVCefAsB6,https://api.spotify.com/v1/audio-analysis/0K4KfBC60OUjJXVCefAsB6,1663869,3,Sai Ram Sai Shyam Sai Bhagwan Shirdi ke Data Sabse Mahan By Sadhana Sargam Sai Sankirtan Mala (mp3cut.net).mp3'
0.501,0.758,1,-12.394,1,0.0916,0.436,0.0697,0.0686,0.627,114.088,audio_features,5fZcM3wYoRYntxABMfFklz,spotify:track:5fZcM3wYoRYntxABMfFklz,https://api.spotify.com/v1/tracks/5fZcM3wYoRYntxABMfFklz,https://api.spotify.com/v1/audio-analysis/5fZcM3wYoRYntxABMfFklz,237040,4,ShankarMahadevan Hamsadhwani 2016 (mp3cut.net).mp3'
0.645,0.985,10,-3.528,0,0.172,0.291,0,0.0459,0.593,110.024,audio_features,0KdtZvoOvUapwn6XK2LYMy,spotify:track:0KdtZvoOvUapwn6XK2LYMy,https://api.spotify.com/v1/tracks/0KdtZvoOvUapwn6XK2LYMy,https://api.spotify.com/v1/audio-analysis/0KdtZvoOvUapwn6XK2LYMy,211859,4,Shankara re Shankara karaokeTanhajiFull Audio with chorus (mp3cut.net).mp3'
0.477,0.191,10,-13.957,1,0.0429,0.74,0,0.0979,0.246,117.685,audio_features,3BD3KE9Evrdxiq5AsUbS99,spotify:track:3BD3KE9Evrdxiq5AsUbS99,https://api.spotify.com/v1/tracks/3BD3KE9Evrdxiq5AsUbS99,https://api.spotify.com/v1/audio-analysis/3BD3KE9Evrdxiq5AsUbS99,2757852,3,Shri Manache Shlok With Lyrics  Shlok 1 - 5  Marathi Meditation Chants (mp3cut.net).mp3'
0.482,0.595,9,-5.336,0,0.0289,0.703,0.000203,0.136,0.482,82.066,audio_features,2kRzgmBlmhvFvCEgMHltWz,spotify:track:2kRzgmBlmhvFvCEgMHltWz,https://api.spotify.com/v1/tracks/2kRzgmBlmhvFvCEgMHltWz,https://api.spotify.com/v1/audio-analysis/2kRzgmBlmhvFvCEgMHltWz,314700,4,Sun raha hai na tu Female version - Karaoke (mp3cut.net).mp3'
0.709,0.959,1,-1.339,1,0.0603,0.0296,0.00188,0.107,0.644,128.983,audio_features,2HtcPHFdo7eu4Ilbvb0BVI,spotify:track:2HtcPHFdo7eu4Ilbvb0BVI,https://api.spotify.com/v1/tracks/2HtcPHFdo7eu4Ilbvb0BVI,https://api.spotify.com/v1/audio-analysis/2HtcPHFdo7eu4Ilbvb0BVI,206867,4,TWICE Feel Special Karaoke Lyrics Video.mp3'
0.378,0.419,3,-9.876,1,0.0293,0.93,1.13E-06,0.121,0.455,94.68,audio_features,5u2pwBfBAdu95DTLqJ6nJG,spotify:track:5u2pwBfBAdu95DTLqJ6nJG,https://api.spotify.com/v1/tracks/5u2pwBfBAdu95DTLqJ6nJG,https://api.spotify.com/v1/audio-analysis/5u2pwBfBAdu95DTLqJ6nJG,354013,4,Tere Bina Zindagi Se Koyi - Kishore-Lata Duet Hindi Full Karaoke with Lyrics (Reuploaded) (mp3cut.net).mp3'
0.411,0.605,2,-4.135,0,0.0383,0.00564,0.0107,0.281,0.533,129.519,audio_features,099w49mRoZiM9jlyhFg5WH,spotify:track:099w49mRoZiM9jlyhFg5WH,https://api.spotify.com/v1/tracks/099w49mRoZiM9jlyhFg5WH,https://api.spotify.com/v1/audio-analysis/099w49mRoZiM9jlyhFg5WH,325131,4,Teri Meri Meri Teri Prem Kahani clean karaoke with scrolling lyrics (mp3cut.net).mp3'
0.832,0.314,9,-9.33,1,0.038,0.823,0.000188,0.0845,0.584,130.083,audio_features,2erJNsSTMuauIxhonNvliI,spotify:track:2erJNsSTMuauIxhonNvliI,https://api.spotify.com/v1/tracks/2erJNsSTMuauIxhonNvliI,https://api.spotify.com/v1/audio-analysis/2erJNsSTMuauIxhonNvliI,119077,4,The Wheels On The Bus Karaoke (mp3cut.net).mp3'
0.528,0.449,5,-6.25,0,0.025,0.785,0,0.122,0.317,94.058,audio_features,56zZ48jdyY2oDXHVnwg5Di,spotify:track:56zZ48jdyY2oDXHVnwg5Di,https://api.spotify.com/v1/tracks/56zZ48jdyY2oDXHVnwg5Di,https://api.spotify.com/v1/audio-analysis/56zZ48jdyY2oDXHVnwg5Di,261974,4,Tum Hi Ho - Arijit Singh Hindi Full Karaoke with Lyrics (mp3cut.net).mp3'
0.576,0.306,5,-8.576,1,0.359,0.866,0,0.633,0.796,138.371,audio_features,1zvKLOtOsOgvYJk9yCErRL,spotify:track:1zvKLOtOsOgvYJk9yCErRL,https://api.spotify.com/v1/tracks/1zvKLOtOsOgvYJk9yCErRL,https://api.spotify.com/v1/audio-analysis/1zvKLOtOsOgvYJk9yCErRL,86733,4,VeggieTales Theme Song Karaoke (mp3cut.net).mp3'
0.614,0.282,5,-9.02,1,0.401,0.897,0,0.228,0.558,75.534,audio_features,3ym13NLu0xo1vmWGWSIjoe,spotify:track:3ym13NLu0xo1vmWGWSIjoe,https://api.spotify.com/v1/tracks/3ym13NLu0xo1vmWGWSIjoe,https://api.spotify.com/v1/audio-analysis/3ym13NLu0xo1vmWGWSIjoe,1795419,3,Vishnu Sahasranamam MS Subbulakshmi Full Version ORIGINAL (mp3cut.net).mp3'
0.731,0.716,4,-7.962,1,0.0417,0.687,0.000882,0.597,0.777,111.281,audio_features,3MpK9vnxxgYvh0CNeGvx6G,spotify:track:3MpK9vnxxgYvh0CNeGvx6G,https://api.spotify.com/v1/tracks/3MpK9vnxxgYvh0CNeGvx6G,https://api.spotify.com/v1/audio-analysis/3MpK9vnxxgYvh0CNeGvx6G,148107,4,Willie Nelson - On The Road Again (Karaoke) (mp3cut.net).mp3'
0.711,0.799,8,-5.224,1,0.323,0.305,1.24E-06,0.246,0.358,74.976,audio_features,4hPdBivyqPoLQoHZss0FGe,spotify:track:4hPdBivyqPoLQoHZss0FGe,https://api.spotify.com/v1/tracks/4hPdBivyqPoLQoHZss0FGe,https://api.spotify.com/v1/audio-analysis/4hPdBivyqPoLQoHZss0FGe,320004,4,junction lo karaoke- aagadu karaoke-[AudioTrimmer.com].mp3'
0.568,0.663,8,-6.179,1,0.0345,0.91,4.82E-05,0.124,0.808,165.203,audio_features,3j9DrRebdWK1jkpOw9FZUy,spotify:track:3j9DrRebdWK1jkpOw9FZUy,https://api.spotify.com/v1/tracks/3j9DrRebdWK1jkpOw9FZUy,https://api.spotify.com/v1/audio-analysis/3j9DrRebdWK1jkpOw9FZUy,219818,3,samajavaragamana సమజవరగమన karaoke (mp3cut.net).mp3'
0.606,0.916,6,-8.162,1,0.0371,0.14,0.356,0.132,0.889,111.563,audio_features,66381EvBZ6e3RXzYATpGmN,spotify:track:66381EvBZ6e3RXzYATpGmN,https://api.spotify.com/v1/tracks/66381EvBZ6e3RXzYATpGmN,https://api.spotify.com/v1/audio-analysis/66381EvBZ6e3RXzYATpGmN,161173,4,Freeway
0.341,0.157,10,-13.83,1,0.0307,0.719,0.00267,0.375,0.231,99.055,audio_features,7f0KQDOB9khm9ZtuWjjtre,spotify:track:7f0KQDOB9khm9ZtuWjjtre,https://api.spotify.com/v1/tracks/7f0KQDOB9khm9ZtuWjjtre,https://api.spotify.com/v1/audio-analysis/7f0KQDOB9khm9ZtuWjjtre,182333,3,Ohio
0.357,0.741,1,-10.44,1,0.0828,0.0101,1.8E-05,0.403,0.721,144.118,audio_features,3t2gNqP6taJxv2A7A3Si04,spotify:track:3t2gNqP6taJxv2A7A3Si04,https://api.spotify.com/v1/tracks/3t2gNqP6taJxv2A7A3Si04,https://api.spotify.com/v1/audio-analysis/3t2gNqP6taJxv2A7A3Si04,230239,4,Jules Lost His Jewels
0.558,0.925,2,-6.343,0,0.0494,0.147,1.35E-05,0.142,0.3,150.032,audio_features,1qQjUB0bUvFenDvp2N6tr3,spotify:track:1qQjUB0bUvFenDvp2N6tr3,https://api.spotify.com/v1/tracks/1qQjUB0bUvFenDvp2N6tr3,https://api.spotify.com/v1/audio-analysis/1qQjUB0bUvFenDvp2N6tr3,260063,4,Castle Of Stars
0.367,0.42,7,-8.539,1,0.0322,0.733,0.00394,0.311,0.567,108.327,audio_features,2hWHrjVyRJV5tGTZ51h2md,spotify:track:2hWHrjVyRJV5tGTZ51h2md,https://api.spotify.com/v1/tracks/2hWHrjVyRJV5tGTZ51h2md,https://api.spotify.com/v1/audio-analysis/2hWHrjVyRJV5tGTZ51h2md,202049,4,Baby Come Home
0.584,0.922,7,-9.85,1,0.0338,0.0268,0.771,0.357,0.101,108.327,audio_features,6u6pKhLZ92aqKrWzAOZOzN,spotify:track:6u6pKhLZ92aqKrWzAOZOzN,https://api.spotify.com/v1/tracks/6u6pKhLZ92aqKrWzAOZOzN,https://api.spotify.com/v1/audio-analysis/6u6pKhLZ92aqKrWzAOZOzN,236960,5,Machines and Muscles
0.496,0.231,3,-17.367,0,0.048,0.974,0.0661,0.107,0.461,109.441,audio_features,4ypiBQX6nsXTwLkaHwnaRI,spotify:track:4ypiBQX6nsXTwLkaHwnaRI,https://api.spotify.com/v1/tracks/4ypiBQX6nsXTwLkaHwnaRI,https://api.spotify.com/v1/audio-analysis/4ypiBQX6nsXTwLkaHwnaRI,80107,4,I Can See You
0.594,0.232,8,-14.576,1,0.065,0.977,3.53E-06,0.126,0.399,108.269,audio_features,4m8jcQJ7wg4RyFNnIvZZgn,spotify:track:4m8jcQJ7wg4RyFNnIvZZgn,https://api.spotify.com/v1/tracks/4m8jcQJ7wg4RyFNnIvZZgn,https://api.spotify.com/v1/audio-analysis/4m8jcQJ7wg4RyFNnIvZZgn,309480,3,The Black Pirate
0.622,0.28,8,-17.309,1,0.0862,0.97,0.00993,0.11,0.55,97.162,audio_features,2zPVxyeQrT9MwfS8ctQa0T,spotify:track:2zPVxyeQrT9MwfS8ctQa0T,https://api.spotify.com/v1/tracks/2zPVxyeQrT9MwfS8ctQa0T,https://api.spotify.com/v1/audio-analysis/2zPVxyeQrT9MwfS8ctQa0T,319733,4,If You Have No One
0.336,0.972,1,-3.302,1,0.0685,0.0361,0.000555,0.334,0.307,116.906,audio_features,6Eu8bEwssf8s96WqcfaKAf,spotify:track:6Eu8bEwssf8s96WqcfaKAf,https://api.spotify.com/v1/tracks/6Eu8bEwssf8s96WqcfaKAf,https://api.spotify.com/v1/audio-analysis/6Eu8bEwssf8s96WqcfaKAf,267640,4,Caliente Queen
0.347,0.18,0,-14.568,0,0.0376,0.98,0.783,0.0707,0.0798,72.458,audio_features,627wtOXop9jdOzqmB7QjTC,spotify:track:627wtOXop9jdOzqmB7QjTC,https://api.spotify.com/v1/tracks/627wtOXop9jdOzqmB7QjTC,https://api.spotify.com/v1/audio-analysis/627wtOXop9jdOzqmB7QjTC,432347,3,Disappearing
0.38,0.4,4,-10.483,0,0.0339,0.884,0.0116,0.136,0.184,128.742,audio_features,68KkCTS0piHP8ohrhLONMW,spotify:track:68KkCTS0piHP8ohrhLONMW,https://api.spotify.com/v1/tracks/68KkCTS0piHP8ohrhLONMW,https://api.spotify.com/v1/audio-analysis/68KkCTS0piHP8ohrhLONMW,197350,3,Blue Eyed Baby
0.456,0.404,4,-8.135,0,0.0283,0.614,0.000505,0.106,0.278,98.678,audio_features,4i0B7ZDzFFaEVg4nj0x1EH,spotify:track:4i0B7ZDzFFaEVg4nj0x1EH,https://api.spotify.com/v1/tracks/4i0B7ZDzFFaEVg4nj0x1EH,https://api.spotify.com/v1/audio-analysis/4i0B7ZDzFFaEVg4nj0x1EH,160747,4,Climbing To The Top
0.476,0.788,3,-11.71,1,0.0353,0.37,0.924,0.157,0.721,131.854,audio_features,0ykbN5WQjJAUN74fZqUEwQ,spotify:track:0ykbN5WQjJAUN74fZqUEwQ,https://api.spotify.com/v1/tracks/0ykbN5WQjJAUN74fZqUEwQ,https://api.spotify.com/v1/audio-analysis/0ykbN5WQjJAUN74fZqUEwQ,234259,4,Heat
0.489,0.775,7,-8.449,1,0.0778,0.203,0.525,0.227,0.539,87.841,audio_features,74a01RjuTePIqGlfKSE5Zz,spotify:track:74a01RjuTePIqGlfKSE5Zz,https://api.spotify.com/v1/tracks/74a01RjuTePIqGlfKSE5Zz,https://api.spotify.com/v1/audio-analysis/74a01RjuTePIqGlfKSE5Zz,255997,4,Sharpen The Knife
0.296,0.963,4,-6.025,0,0.133,1.65E-05,0.833,0.396,0.355,117.674,audio_features,0Le9p2uNeMThbzzCJZ0pA5,spotify:track:0Le9p2uNeMThbzzCJZ0pA5,https://api.spotify.com/v1/tracks/0Le9p2uNeMThbzzCJZ0pA5,https://api.spotify.com/v1/audio-analysis/0Le9p2uNeMThbzzCJZ0pA5,290400,3,Cataclysm
0.373,0.18,11,-16.621,0,0.0291,0.988,0.895,0.106,0.295,124.523,audio_features,2fNiMFR67O7CUICrtTelbZ,spotify:track:2fNiMFR67O7CUICrtTelbZ,https://api.spotify.com/v1/tracks/2fNiMFR67O7CUICrtTelbZ,https://api.spotify.com/v1/audio-analysis/2fNiMFR67O7CUICrtTelbZ,146787,4,Motion Passings
0.856,0.438,10,-9.594,1,0.0955,0.57,0.2,0.121,0.28,119.995,audio_features,2CxpBsTz8eTmyffezD52kn,spotify:track:2CxpBsTz8eTmyffezD52kn,https://api.spotify.com/v1/tracks/2CxpBsTz8eTmyffezD52kn,https://api.spotify.com/v1/audio-analysis/2CxpBsTz8eTmyffezD52kn,300173,4,Tom & Jerry
0.319,0.159,10,-13.627,0,0.0357,0.907,0.842,0.108,0.114,45.918,audio_features,2QQ1MTBRULYLdQHlNO2jOa,spotify:track:2QQ1MTBRULYLdQHlNO2jOa,https://api.spotify.com/v1/tracks/2QQ1MTBRULYLdQHlNO2jOa,https://api.spotify.com/v1/audio-analysis/2QQ1MTBRULYLdQHlNO2jOa,186548,4,Death March
0.131,0.259,0,-1.383,1,0.74,0.0668,0.991,0.101,1E-05,67.233,audio_features,3UrCFeMdlz7eoPCrbXPZtE,spotify:track:3UrCFeMdlz7eoPCrbXPZtE,https://api.spotify.com/v1/tracks/3UrCFeMdlz7eoPCrbXPZtE,https://api.spotify.com/v1/audio-analysis/3UrCFeMdlz7eoPCrbXPZtE,300120,4,No Good Deed Goes Unpunished
0.18,0.915,8,-3.878,1,0.187,6.82E-05,0.689,0.329,0.0354,137.312,audio_features,1ySJhBHd3epQzsLatWxule,spotify:track:1ySJhBHd3epQzsLatWxule,https://api.spotify.com/v1/tracks/1ySJhBHd3epQzsLatWxule,https://api.spotify.com/v1/audio-analysis/1ySJhBHd3epQzsLatWxule,521840,4,Nothing's Ever Ending
0.143,1,10,-1.804,0,0.207,0.036,0.202,0.302,0.0124,103.774,audio_features,7nWTkO59idSqf6i5TSYcor,spotify:track:7nWTkO59idSqf6i5TSYcor,https://api.spotify.com/v1/tracks/7nWTkO59idSqf6i5TSYcor,https://api.spotify.com/v1/audio-analysis/7nWTkO59idSqf6i5TSYcor,477280,4,Apparently
0.41,0.961,1,-6.858,0,0.101,4.12E-06,0.875,0.158,0.319,93.433,audio_features,78Hzw8mVgJmsMV3q1FpNmK,spotify:track:78Hzw8mVgJmsMV3q1FpNmK,https://api.spotify.com/v1/tracks/78Hzw8mVgJmsMV3q1FpNmK,https://api.spotify.com/v1/audio-analysis/78Hzw8mVgJmsMV3q1FpNmK,168840,4,13 Monsters
0.0932,0.997,1,-3.526,1,0.322,1.51E-05,0.872,0.0741,0.0589,191.988,audio_features,4WvK9KShAoU8hgrV98lONt,spotify:track:4WvK9KShAoU8hgrV98lONt,https://api.spotify.com/v1/tracks/4WvK9KShAoU8hgrV98lONt,https://api.spotify.com/v1/audio-analysis/4WvK9KShAoU8hgrV98lONt,310947,4,Dracula Mountain
0.354,0.478,1,-13.057,1,0.188,0.302,0.000396,0.111,0.22,71.306,audio_features,3NjbYlRr4EExkKjfKXZA1x,spotify:track:3NjbYlRr4EExkKjfKXZA1x,https://api.spotify.com/v1/tracks/3NjbYlRr4EExkKjfKXZA1x,https://api.spotify.com/v1/audio-analysis/3NjbYlRr4EExkKjfKXZA1x,234160,3,Helicopter de Cristal
0.485,0.543,1,-10.959,1,0.339,0.204,0.00286,0.0922,0.667,72.708,audio_features,0J8D20bH3sVJAH2EgxHviL,spotify:track:0J8D20bH3sVJAH2EgxHviL,https://api.spotify.com/v1/tracks/0J8D20bH3sVJAH2EgxHviL,https://api.spotify.com/v1/audio-analysis/0J8D20bH3sVJAH2EgxHviL,110347,4,Un Lagrima en la Discoteca
0.326,0.659,2,-11.77,1,0.188,0.0522,0.142,0.39,0.678,89.923,audio_features,5n9kaB3z485r0CCGOewfB5,spotify:track:5n9kaB3z485r0CCGOewfB5,https://api.spotify.com/v1/tracks/5n9kaB3z485r0CCGOewfB5,https://api.spotify.com/v1/audio-analysis/5n9kaB3z485r0CCGOewfB5,93720,4,Onda Tocadisco
0.482,0.278,6,-15.081,1,0.0831,0.000206,0.424,0.0906,0.32,71.429,audio_features,4t3daYD7n8sfYcSJGyOshT,spotify:track:4t3daYD7n8sfYcSJGyOshT,https://api.spotify.com/v1/tracks/4t3daYD7n8sfYcSJGyOshT,https://api.spotify.com/v1/audio-analysis/4t3daYD7n8sfYcSJGyOshT,61960,5,Painful Corazon
0.44,0.0288,6,-12.934,1,0.0638,0.992,0.866,0.1,0.351,77.222,audio_features,6ookaWnbdFDtl4M1A9USg0,spotify:track:6ookaWnbdFDtl4M1A9USg0,https://api.spotify.com/v1/tracks/6ookaWnbdFDtl4M1A9USg0,https://api.spotify.com/v1/audio-analysis/6ookaWnbdFDtl4M1A9USg0,171526,4,Nam Nhi-tu
0.0936,0.475,10,-6.803,1,0.0394,5.83E-05,0.858,0.124,0.0326,87.995,audio_features,4y51ULA0qQqsvixapj6GTm,spotify:track:4y51ULA0qQqsvixapj6GTm,https://api.spotify.com/v1/tracks/4y51ULA0qQqsvixapj6GTm,https://api.spotify.com/v1/audio-analysis/4y51ULA0qQqsvixapj6GTm,471720,4,Feasting on Energy
0.57,0.783,3,-6.502,0,0.0318,0.000259,0.772,0.112,0.968,132.283,audio_features,4mmXB9JVEIQbNbWcrQE715,spotify:track:4mmXB9JVEIQbNbWcrQE715,https://api.spotify.com/v1/tracks/4mmXB9JVEIQbNbWcrQE715,https://api.spotify.com/v1/audio-analysis/4mmXB9JVEIQbNbWcrQE715,314893,1,Tell The Police The Truth
0.546,0.783,5,-10.169,1,0.244,0.00843,0.569,0.128,0.418,111.588,audio_features,51YDBy26lnJymzBuA8b1rK,spotify:track:51YDBy26lnJymzBuA8b1rK,https://api.spotify.com/v1/tracks/51YDBy26lnJymzBuA8b1rK,https://api.spotify.com/v1/audio-analysis/51YDBy26lnJymzBuA8b1rK,326573,4,Rare Vodka from the Fourteenth Century
0.647,0.325,4,-16.778,1,0.0398,0.935,0.0499,0.105,0.287,115.206,audio_features,3rgoR037nWq1N0B00wNDDM,spotify:track:3rgoR037nWq1N0B00wNDDM,https://api.spotify.com/v1/tracks/3rgoR037nWq1N0B00wNDDM,https://api.spotify.com/v1/audio-analysis/3rgoR037nWq1N0B00wNDDM,286480,4,Wooly Mammoth's Absence
0.404,0.129,9,-12.456,0,0.0343,0.89,0.673,0.113,0.0722,112.979,audio_features,6ntzqS9gdlq2NWTnBLdITo,spotify:track:6ntzqS9gdlq2NWTnBLdITo,https://api.spotify.com/v1/tracks/6ntzqS9gdlq2NWTnBLdITo,https://api.spotify.com/v1/audio-analysis/6ntzqS9gdlq2NWTnBLdITo,212493,4,With My Hands Out
0.37,0.479,0,-11.452,1,0.101,0.467,0.197,0.115,0.132,142.724,audio_features,0kESV9EI7KPNcNmiUVYlIP,spotify:track:0kESV9EI7KPNcNmiUVYlIP,https://api.spotify.com/v1/tracks/0kESV9EI7KPNcNmiUVYlIP,https://api.spotify.com/v1/audio-analysis/0kESV9EI7KPNcNmiUVYlIP,220933,4,2 Blonde Braids
0.578,0.0965,0,-15.164,1,0.0369,0.967,0.0677,0.111,0.289,60.072,audio_features,2bTWavM73Zc2dFC6z4drD2,spotify:track:2bTWavM73Zc2dFC6z4drD2,https://api.spotify.com/v1/tracks/2bTWavM73Zc2dFC6z4drD2,https://api.spotify.com/v1/audio-analysis/2bTWavM73Zc2dFC6z4drD2,161720,4,My Burning
0.241,0.827,6,-13.505,1,0.0471,0.0978,0.678,0.0469,0.319,149.284,audio_features,5jnsr3JkMnLlYJTSToxWki,spotify:track:5jnsr3JkMnLlYJTSToxWki,https://api.spotify.com/v1/tracks/5jnsr3JkMnLlYJTSToxWki,https://api.spotify.com/v1/audio-analysis/5jnsr3JkMnLlYJTSToxWki,180867,4,Cocksuckerbastardmotherfucker
0.441,0.714,1,-9.668,1,0.105,0.651,0.00178,0.616,0.328,120.491,audio_features,4anemEPtcSSETPrxlS7IUG,spotify:track:4anemEPtcSSETPrxlS7IUG,https://api.spotify.com/v1/tracks/4anemEPtcSSETPrxlS7IUG,https://api.spotify.com/v1/audio-analysis/4anemEPtcSSETPrxlS7IUG,144840,4,Richard Nixon Died Today
0.545,0.779,3,-7.585,1,0.315,0.336,0,0.605,0.584,130.106,audio_features,76UhukPQbG8gjlsTeg1Qft,spotify:track:76UhukPQbG8gjlsTeg1Qft,https://api.spotify.com/v1/tracks/76UhukPQbG8gjlsTeg1Qft,https://api.spotify.com/v1/audio-analysis/76UhukPQbG8gjlsTeg1Qft,253000,4,No Business
0.307,0.682,5,-8.97,1,0.171,0.835,2.14E-06,0.494,0.467,85.521,audio_features,7oNcXqEK9kcJZeaDIt8Je1,spotify:track:7oNcXqEK9kcJZeaDIt8Je1,https://api.spotify.com/v1/tracks/7oNcXqEK9kcJZeaDIt8Je1,https://api.spotify.com/v1/audio-analysis/7oNcXqEK9kcJZeaDIt8Je1,591440,3,Downloading
0.422,0.731,9,-10.682,1,0.0477,0.00129,0.163,0.107,0.324,123.397,audio_features,2nrAMydekzt68Rszki16dE,spotify:track:2nrAMydekzt68Rszki16dE,https://api.spotify.com/v1/tracks/2nrAMydekzt68Rszki16dE,https://api.spotify.com/v1/audio-analysis/2nrAMydekzt68Rszki16dE,233200,4,Guns of Thunder
0.458,0.834,5,-3.598,1,0.0348,0.0397,0,0.367,0.664,135.34,audio_features,0bYHyf0brCSlYGWvSYmnd4,spotify:track:0bYHyf0brCSlYGWvSYmnd4,https://api.spotify.com/v1/tracks/0bYHyf0brCSlYGWvSYmnd4,https://api.spotify.com/v1/audio-analysis/0bYHyf0brCSlYGWvSYmnd4,148627,4,Outskirts
0.722,0.752,8,-9.018,1,0.0382,0.542,9.11E-05,0.176,0.951,128.8,audio_features,2iKfyCWzwflGPpTJmIGTtE,spotify:track:2iKfyCWzwflGPpTJmIGTtE,https://api.spotify.com/v1/tracks/2iKfyCWzwflGPpTJmIGTtE,https://api.spotify.com/v1/audio-analysis/2iKfyCWzwflGPpTJmIGTtE,44235,4,Only Fools and Horses Theme
0.302,0.91,0,-6.114,1,0.0723,0.00213,0.567,0.862,0.475,80.088,audio_features,7pT37PlxlLJ0YjBdkvTmhS,spotify:track:7pT37PlxlLJ0YjBdkvTmhS,https://api.spotify.com/v1/tracks/7pT37PlxlLJ0YjBdkvTmhS,https://api.spotify.com/v1/audio-analysis/7pT37PlxlLJ0YjBdkvTmhS,210347,4,So High
0.316,0.725,11,-7.857,0,0.0454,0.00121,0.107,0.811,0.28,140.863,audio_features,67oT3PU5K68KPPu2I2pVlF,spotify:track:67oT3PU5K68KPPu2I2pVlF,https://api.spotify.com/v1/tracks/67oT3PU5K68KPPu2I2pVlF,https://api.spotify.com/v1/audio-analysis/67oT3PU5K68KPPu2I2pVlF,308760,4,She Fell Through the Trees
0.514,0.649,0,-8.799,1,0.0547,0.705,0.00283,0.15,0.688,197.801,audio_features,6N8calsriFbmhtfYRHwqfa,spotify:track:6N8calsriFbmhtfYRHwqfa,https://api.spotify.com/v1/tracks/6N8calsriFbmhtfYRHwqfa,https://api.spotify.com/v1/audio-analysis/6N8calsriFbmhtfYRHwqfa,780644,4,Mapenzi Matamu
0.41,0.243,5,-12.635,1,0.037,0.787,0,0.159,0.566,103.585,audio_features,1Ypa8hQmKnnSNN76Rp58Lb,spotify:track:1Ypa8hQmKnnSNN76Rp58Lb,https://api.spotify.com/v1/tracks/1Ypa8hQmKnnSNN76Rp58Lb,https://api.spotify.com/v1/audio-analysis/1Ypa8hQmKnnSNN76Rp58Lb,228000,4,"Lala, Mpenzi Lala"
0.518,0.141,7,-22.044,1,0.0344,0.886,0.719,0.122,0.342,107.714,audio_features,036q79SvTnahSBVXnIJJhH,spotify:track:036q79SvTnahSBVXnIJJhH,https://api.spotify.com/v1/tracks/036q79SvTnahSBVXnIJJhH,https://api.spotify.com/v1/audio-analysis/036q79SvTnahSBVXnIJJhH,223973,3,Sishituki
0.174,0.722,11,-7.965,1,0.0685,0.263,0.114,0.0828,0.0875,117.149,audio_features,47PJrRd440clviMSvPSp8r,spotify:track:47PJrRd440clviMSvPSp8r,https://api.spotify.com/v1/tracks/47PJrRd440clviMSvPSp8r,https://api.spotify.com/v1/audio-analysis/47PJrRd440clviMSvPSp8r,290973,4,Unalo
0.698,0.188,7,-20.283,1,0.0311,0.162,0.627,0.0771,0.452,109.772,audio_features,2L2fF9tnHWF2R56FYxud3n,spotify:track:2L2fF9tnHWF2R56FYxud3n,https://api.spotify.com/v1/tracks/2L2fF9tnHWF2R56FYxud3n,https://api.spotify.com/v1/audio-analysis/2L2fF9tnHWF2R56FYxud3n,202947,4,In the Pineys
0.167,0.998,1,-4.277,1,0.174,0.000614,0.971,0.171,0.0343,126.104,audio_features,1yoObMAQoFSozKlHYz0Chu,spotify:track:1yoObMAQoFSozKlHYz0Chu,https://api.spotify.com/v1/tracks/1yoObMAQoFSozKlHYz0Chu,https://api.spotify.com/v1/audio-analysis/1yoObMAQoFSozKlHYz0Chu,200547,4,Harken Sunshine
0.677,0.343,1,-14.479,1,0.0692,0.695,0.838,0.129,0.491,80.528,audio_features,786cbmAVpQq7c4X2KiYjqf,spotify:track:786cbmAVpQq7c4X2KiYjqf,https://api.spotify.com/v1/tracks/786cbmAVpQq7c4X2KiYjqf,https://api.spotify.com/v1/audio-analysis/786cbmAVpQq7c4X2KiYjqf,244293,4,Memories
0.568,0.0731,2,-17.634,1,0.0382,0.982,6.52E-05,0.674,0.498,65.129,audio_features,5Cwh5ojdTRsGNtLBqkhV7k,spotify:track:5Cwh5ojdTRsGNtLBqkhV7k,https://api.spotify.com/v1/tracks/5Cwh5ojdTRsGNtLBqkhV7k,https://api.spotify.com/v1/audio-analysis/5Cwh5ojdTRsGNtLBqkhV7k,425147,4,The White Mice
0.549,0.195,5,-13.595,0,0.0467,0.987,0.0285,0.113,0.383,123.535,audio_features,6lvV2wMhhxAZj89N03m6mq,spotify:track:6lvV2wMhhxAZj89N03m6mq,https://api.spotify.com/v1/tracks/6lvV2wMhhxAZj89N03m6mq,https://api.spotify.com/v1/audio-analysis/6lvV2wMhhxAZj89N03m6mq,264893,4,My Sweet Miasma
0.493,0.174,7,-18.842,1,0.0364,0.991,0.722,0.111,0.386,140.582,audio_features,3BwdZd1izUVdfmrlpuiuen,spotify:track:3BwdZd1izUVdfmrlpuiuen,https://api.spotify.com/v1/tracks/3BwdZd1izUVdfmrlpuiuen,https://api.spotify.com/v1/audio-analysis/3BwdZd1izUVdfmrlpuiuen,125227,4,....like bacon sundays
0.56,0.0699,11,-20.811,1,0.059,0.977,0.853,0.109,0.337,110.263,audio_features,4WzrAJ617Z5SjiULZNXPAS,spotify:track:4WzrAJ617Z5SjiULZNXPAS,https://api.spotify.com/v1/tracks/4WzrAJ617Z5SjiULZNXPAS,https://api.spotify.com/v1/audio-analysis/4WzrAJ617Z5SjiULZNXPAS,181080,4,Land
0.505,0.0912,2,-17.39,1,0.0308,0.814,0.0144,0.0903,0.144,103.633,audio_features,1NaUiewGOg3hVvO6j30XgG,spotify:track:1NaUiewGOg3hVvO6j30XgG,https://api.spotify.com/v1/tracks/1NaUiewGOg3hVvO6j30XgG,https://api.spotify.com/v1/audio-analysis/1NaUiewGOg3hVvO6j30XgG,184520,5,Song for Obol
0.261,0.112,6,-20.031,1,0.0519,0.986,0.489,0.116,0.0977,93.081,audio_features,3bT8uS7VCaWtMCXoPrhgL7,spotify:track:3bT8uS7VCaWtMCXoPrhgL7,https://api.spotify.com/v1/tracks/3bT8uS7VCaWtMCXoPrhgL7,https://api.spotify.com/v1/audio-analysis/3bT8uS7VCaWtMCXoPrhgL7,155347,4,Beirut
0.339,0.416,0,-10.961,1,0.0289,0.537,0.00254,0.11,0.24,108.495,audio_features,7D9tLQ48gVWe18fxAMsZHn,spotify:track:7D9tLQ48gVWe18fxAMsZHn,https://api.spotify.com/v1/tracks/7D9tLQ48gVWe18fxAMsZHn,https://api.spotify.com/v1/audio-analysis/7D9tLQ48gVWe18fxAMsZHn,223240,3,Seadrift
0.191,0.933,2,-3.188,1,0.103,0.000417,0.0784,0.29,0.738,159.7,audio_features,3UJd5OjGCY3Q3cgTa1ZOiP,spotify:track:3UJd5OjGCY3Q3cgTa1ZOiP,https://api.spotify.com/v1/tracks/3UJd5OjGCY3Q3cgTa1ZOiP,https://api.spotify.com/v1/audio-analysis/3UJd5OjGCY3Q3cgTa1ZOiP,246173,4,Redbird
0.465,0.427,2,-12.265,0,0.0339,0.751,0.824,0.0932,0.0974,78.291,audio_features,40hLBOZqwJMaGtHEDsucOK,spotify:track:40hLBOZqwJMaGtHEDsucOK,https://api.spotify.com/v1/tracks/40hLBOZqwJMaGtHEDsucOK,https://api.spotify.com/v1/audio-analysis/40hLBOZqwJMaGtHEDsucOK,322080,4,Forewarned
0.573,0.341,0,-11.11,1,0.0382,0.857,0.812,0.0566,0.0865,145.198,audio_features,2irwS3HNDYjh5waCdShiEb,spotify:track:2irwS3HNDYjh5waCdShiEb,https://api.spotify.com/v1/tracks/2irwS3HNDYjh5waCdShiEb,https://api.spotify.com/v1/audio-analysis/2irwS3HNDYjh5waCdShiEb,218173,4,Little Eyes
0.338,0.425,0,-8.878,1,0.0381,0.138,0.982,0.23,0.0752,110.961,audio_features,2LEH1SEsyc6c2iGDX1gI88,spotify:track:2LEH1SEsyc6c2iGDX1gI88,https://api.spotify.com/v1/tracks/2LEH1SEsyc6c2iGDX1gI88,https://api.spotify.com/v1/audio-analysis/2LEH1SEsyc6c2iGDX1gI88,225160,4,Days of Summer
0.437,0.501,2,-12.129,1,0.0367,0.0235,0.643,0.138,0.29,117.157,audio_features,277RtPQu4zhbdF4796cttm,spotify:track:277RtPQu4zhbdF4796cttm,https://api.spotify.com/v1/tracks/277RtPQu4zhbdF4796cttm,https://api.spotify.com/v1/audio-analysis/277RtPQu4zhbdF4796cttm,182587,4,Stable the Spuds
0.366,0.667,3,-6.804,1,0.0346,0.00467,0,0.0688,0.152,124.135,audio_features,1cfAhU1F3E2VB1uuZ0ReV5,spotify:track:1cfAhU1F3E2VB1uuZ0ReV5,https://api.spotify.com/v1/tracks/1cfAhU1F3E2VB1uuZ0ReV5,https://api.spotify.com/v1/audio-analysis/1cfAhU1F3E2VB1uuZ0ReV5,213893,4,Thicker Than A Smokey
0.426,0.745,11,-5.304,0,0.0334,0.00187,0.598,0.098,0.236,117.43,audio_features,3kcEgFSEAICFeo5m9ZyZST,spotify:track:3kcEgFSEAICFeo5m9ZyZST,https://api.spotify.com/v1/tracks/3kcEgFSEAICFeo5m9ZyZST,https://api.spotify.com/v1/audio-analysis/3kcEgFSEAICFeo5m9ZyZST,161160,4,Walking on the Water
0.262,0.508,2,-12.431,1,0.043,0.00193,0.839,0.108,0.148,149.726,audio_features,7kpoH25k46pZXnVuQe6VX0,spotify:track:7kpoH25k46pZXnVuQe6VX0,https://api.spotify.com/v1/tracks/7kpoH25k46pZXnVuQe6VX0,https://api.spotify.com/v1/audio-analysis/7kpoH25k46pZXnVuQe6VX0,588800,4,Pow Wow
0.124,0.373,11,-11.202,1,0.0419,0.328,0.912,0.113,0.0328,170.898,audio_features,1U23BlKNtj49OqBMoD8t4i,spotify:track:1U23BlKNtj49OqBMoD8t4i,https://api.spotify.com/v1/tracks/1U23BlKNtj49OqBMoD8t4i,https://api.spotify.com/v1/audio-analysis/1U23BlKNtj49OqBMoD8t4i,502840,4,Swans
0.427,0.99,2,-10.625,0,0.483,0.0127,0.878,0.788,0.0535,149.022,audio_features,21qDMld59mJd4KA3GSgfVn,spotify:track:21qDMld59mJd4KA3GSgfVn,https://api.spotify.com/v1/tracks/21qDMld59mJd4KA3GSgfVn,https://api.spotify.com/v1/audio-analysis/21qDMld59mJd4KA3GSgfVn,236133,4,Temporary Famine Ship
0.387,0.098,1,-14.6,1,0.0321,0.94,1.02E-05,0.112,0.192,136.908,audio_features,7nlvc0SIhrO84olyvU4CMx,spotify:track:7nlvc0SIhrO84olyvU4CMx,https://api.spotify.com/v1/tracks/7nlvc0SIhrO84olyvU4CMx,https://api.spotify.com/v1/audio-analysis/7nlvc0SIhrO84olyvU4CMx,188533,4,Snowy Parts of Scandinavia
0.392,0.182,4,-10.246,1,0.0449,0.984,0.000601,0.119,0.146,118.102,audio_features,0g3DGy53nGwlzr7xvIlV3H,spotify:track:0g3DGy53nGwlzr7xvIlV3H,https://api.spotify.com/v1/tracks/0g3DGy53nGwlzr7xvIlV3H,https://api.spotify.com/v1/audio-analysis/0g3DGy53nGwlzr7xvIlV3H,272880,3,Waves of Second Guessing
0.649,0.325,0,-12.057,1,0.0323,0.337,0.196,0.245,0.582,125.261,audio_features,1oDxF0lZUo0UILDhrjdIaJ,spotify:track:1oDxF0lZUo0UILDhrjdIaJ,https://api.spotify.com/v1/tracks/1oDxF0lZUo0UILDhrjdIaJ,https://api.spotify.com/v1/audio-analysis/1oDxF0lZUo0UILDhrjdIaJ,221040,4,Rhode Island Freakout
0.617,0.427,9,-14.722,0,0.0352,0.0786,0.00732,0.124,0.358,149.955,audio_features,4gLGdFTc3dJ5fXOXa1wrdF,spotify:track:4gLGdFTc3dJ5fXOXa1wrdF,https://api.spotify.com/v1/tracks/4gLGdFTc3dJ5fXOXa1wrdF,https://api.spotify.com/v1/audio-analysis/4gLGdFTc3dJ5fXOXa1wrdF,288493,4,Bedoin Song
0.649,0.325,0,-12.057,1,0.0323,0.337,0.196,0.245,0.582,125.261,audio_features,1oDxF0lZUo0UILDhrjdIaJ,spotify:track:1oDxF0lZUo0UILDhrjdIaJ,https://api.spotify.com/v1/tracks/1oDxF0lZUo0UILDhrjdIaJ,https://api.spotify.com/v1/audio-analysis/1oDxF0lZUo0UILDhrjdIaJ,221040,4,Crawling
0.41,0.294,0,-15.311,1,0.0414,0.711,0.623,0.119,0.224,89.533,audio_features,0lYoAnvaYhoj4ItXYL7pP4,spotify:track:0lYoAnvaYhoj4ItXYL7pP4,https://api.spotify.com/v1/tracks/0lYoAnvaYhoj4ItXYL7pP4,https://api.spotify.com/v1/audio-analysis/0lYoAnvaYhoj4ItXYL7pP4,403947,4,Sometimes
0.36,0.509,1,-8.699,1,0.0448,0.645,0,0.148,0.843,172.28,audio_features,1SO5jUG72Tnd9QFrKvuSgS,spotify:track:1SO5jUG72Tnd9QFrKvuSgS,https://api.spotify.com/v1/tracks/1SO5jUG72Tnd9QFrKvuSgS,https://api.spotify.com/v1/audio-analysis/1SO5jUG72Tnd9QFrKvuSgS,350107,3,Twisted Road
0.369,0.553,6,-9.235,0,0.0447,0.661,0.00657,0.106,0.71,121.18,audio_features,6Y9H8jXjVUsKHc6vHDd6qn,spotify:track:6Y9H8jXjVUsKHc6vHDd6qn,https://api.spotify.com/v1/tracks/6Y9H8jXjVUsKHc6vHDd6qn,https://api.spotify.com/v1/audio-analysis/6Y9H8jXjVUsKHc6vHDd6qn,384467,4,Sometimes
0.26,0.553,6,-13.444,1,0.039,0.929,0.908,0.113,0.317,120.569,audio_features,5vGLjrgILgB1ej2E40ZU6u,spotify:track:5vGLjrgILgB1ej2E40ZU6u,https://api.spotify.com/v1/tracks/5vGLjrgILgB1ej2E40ZU6u,https://api.spotify.com/v1/audio-analysis/5vGLjrgILgB1ej2E40ZU6u,257093,4,Caddo Lake
